source_label,input_url,final_url,final_status,hops,chain,canonical,canonical_matches_final,title,has_jsonld,meta_robots,x_robots,error
sitemap,https://got-moles.com/,https://got-moles.com/,200,0,200 https://got-moles.com/,https://got-moles.com,false,Yard Mole Control & Exterminators in Western Washington | Got Moles,true,,,
sitemap,https://got-moles.com/services/total-mole-control-program/,https://got-moles.com/services/total-mole-control-program,200,1,308 https://got-moles.com/services/total-mole-control-program/ → 200 https://got-moles.com/services/total-mole-control-program,https://got-moles.com/services/total-mole-control-program/,false,Total Mole Control Program | $100/Month Year-Round Protection | Got Moles,true,,,
sitemap,https://got-moles.com/services/one-time-mole-removal/,https://got-moles.com/services/one-time-mole-removal,200,1,308 https://got-moles.com/services/one-time-mole-removal/ → 200 https://got-moles.com/services/one-time-mole-removal,https://got-moles.com/services/one-time-mole-removal/,false,"One-Time Mole Removal | $450 Flat Rate, Guaranteed | Got Moles",true,,,
sitemap,https://got-moles.com/services/commercial-mole-control/,https://got-moles.com/services/commercial-mole-control,200,1,308 https://got-moles.com/services/commercial-mole-control/ → 200 https://got-moles.com/services/commercial-mole-control,https://got-moles.com/services/commercial-mole-control/,false,"Commercial Mole Control | Property Managers, HOAs & Sports Facilities | Got Moles",true,,,
sitemap,https://got-moles.com/how-it-works/,https://got-moles.com/how-it-works,200,1,308 https://got-moles.com/how-it-works/ → 200 https://got-moles.com/how-it-works,https://got-moles.com/how-it-works/,false,How Mole Control Works | 4-Step Process | Got Moles,true,,,
sitemap,https://got-moles.com/about/,https://got-moles.com/about,200,1,308 https://got-moles.com/about/ → 200 https://got-moles.com/about,https://got-moles.com/about/,false,"Spencer Hill, Veteran-Founded Mole Specialist | Got Moles",true,,,
sitemap,https://got-moles.com/faq/,https://got-moles.com/faq,200,1,308 https://got-moles.com/faq/ → 200 https://got-moles.com/faq,https://got-moles.com/faq/,false,Mole Control FAQ | 25+ Questions Answered | Got Moles,true,,,
sitemap,https://got-moles.com/reviews/,https://got-moles.com/reviews,200,1,308 https://got-moles.com/reviews/ → 200 https://got-moles.com/reviews,https://got-moles.com/reviews/,false,Got Moles Reviews | 219+ Five-Star Reviews | Mole Control Washington | Got Moles,true,,,
sitemap,https://got-moles.com/service-areas/,https://got-moles.com/service-areas,200,1,308 https://got-moles.com/service-areas/ → 200 https://got-moles.com/service-areas,https://got-moles.com/service-areas/,false,Service Areas | 90+ Western Washington Communities | Got Moles,true,,,
sitemap,https://got-moles.com/contact/,https://got-moles.com/contact,200,1,308 https://got-moles.com/contact/ → 200 https://got-moles.com/contact,https://got-moles.com/contact/,false,Contact Got Moles | Get a Free Quote | Got Moles,true,,,
sitemap,https://got-moles.com/blog/,https://got-moles.com/blog,200,1,308 https://got-moles.com/blog/ → 200 https://got-moles.com/blog,https://got-moles.com/blog,true,Mole Control Blog | Western Washington | Got Moles,true,,,
sitemap,https://got-moles.com/author/spencer/,https://got-moles.com/author/spencer,200,1,308 https://got-moles.com/author/spencer/ → 200 https://got-moles.com/author/spencer,https://got-moles.com/author/spencer/,false,"Spencer Hill — Founder, Got Moles | US Army Veteran, 15+ Years Mole Control | Got Moles",true,,,
sitemap,https://got-moles.com/mole-control-sammamish/,https://got-moles.com/mole-control-sammamish,200,1,308 https://got-moles.com/mole-control-sammamish/ → 200 https://got-moles.com/mole-control-sammamish,https://got-moles.com/mole-control-sammamish/,false,Sammamish Mole Control | Proven Results | Got Moles,true,,,
sitemap,https://got-moles.com/mole-control-bellevue/,https://got-moles.com/mole-control-bellevue,200,1,308 https://got-moles.com/mole-control-bellevue/ → 200 https://got-moles.com/mole-control-bellevue,https://got-moles.com/mole-control-bellevue/,false,Bellevue Mole Control | Proven Results | Got Moles,true,,,
sitemap,https://got-moles.com/mole-control-kirkland/,https://got-moles.com/mole-control-kirkland,200,1,308 https://got-moles.com/mole-control-kirkland/ → 200 https://got-moles.com/mole-control-kirkland,https://got-moles.com/mole-control-kirkland/,false,Kirkland Mole Control | Proven Results | Got Moles,true,,,
sitemap,https://got-moles.com/mole-control-seattle/,https://got-moles.com/mole-control-seattle,200,1,308 https://got-moles.com/mole-control-seattle/ → 200 https://got-moles.com/mole-control-seattle,https://got-moles.com/mole-control-seattle/,false,Seattle Mole Control | Proven Results | Got Moles,true,,,
sitemap,https://got-moles.com/mole-control-tacoma/,https://got-moles.com/mole-control-tacoma,200,1,308 https://got-moles.com/mole-control-tacoma/ → 200 https://got-moles.com/mole-control-tacoma,https://got-moles.com/mole-control-tacoma/,false,Tacoma Mole Control | Proven Results | Got Moles,true,,,
sitemap,https://got-moles.com/mole-control-puyallup/,https://got-moles.com/mole-control-puyallup,200,1,308 https://got-moles.com/mole-control-puyallup/ → 200 https://got-moles.com/mole-control-puyallup,https://got-moles.com/mole-control-puyallup/,false,Puyallup Mole Control | Proven Results | Got Moles,true,,,
sitemap,https://got-moles.com/mole-control-enumclaw/,https://got-moles.com/mole-control-enumclaw,200,1,308 https://got-moles.com/mole-control-enumclaw/ → 200 https://got-moles.com/mole-control-enumclaw,https://got-moles.com/mole-control-enumclaw/,false,Enumclaw Mole Control | Proven Results | Got Moles,true,,,
sitemap,https://got-moles.com/mole-control-renton/,https://got-moles.com/mole-control-renton,200,1,308 https://got-moles.com/mole-control-renton/ → 200 https://got-moles.com/mole-control-renton,https://got-moles.com/mole-control-renton/,false,Renton Mole Control | Proven Results | Got Moles,true,,,
sitemap,https://got-moles.com/mole-control-kent/,https://got-moles.com/mole-control-kent,200,1,308 https://got-moles.com/mole-control-kent/ → 200 https://got-moles.com/mole-control-kent,https://got-moles.com/mole-control-kent/,false,Kent Mole Control | Proven Results | Got Moles,true,,,
sitemap,https://got-moles.com/mole-control-auburn/,https://got-moles.com/mole-control-auburn,200,1,308 https://got-moles.com/mole-control-auburn/ → 200 https://got-moles.com/mole-control-auburn,https://got-moles.com/mole-control-auburn/,false,Auburn Mole Control | Proven Results | Got Moles,true,,,
sitemap,https://got-moles.com/mole-control-federal-way/,https://got-moles.com/mole-control-federal-way,200,1,308 https://got-moles.com/mole-control-federal-way/ → 200 https://got-moles.com/mole-control-federal-way,https://got-moles.com/mole-control-federal-way/,false,Federal Way Mole Control | Proven Results | Got Moles,true,,,
sitemap,https://got-moles.com/mole-control-issaquah/,https://got-moles.com/mole-control-issaquah,200,1,308 https://got-moles.com/mole-control-issaquah/ → 200 https://got-moles.com/mole-control-issaquah,https://got-moles.com/mole-control-issaquah/,false,Issaquah Mole Control | Proven Results | Got Moles,true,,,
sitemap,https://got-moles.com/mole-control-redmond/,https://got-moles.com/mole-control-redmond,200,1,308 https://got-moles.com/mole-control-redmond/ → 200 https://got-moles.com/mole-control-redmond,https://got-moles.com/mole-control-redmond/,false,Redmond Mole Control | Proven Results | Got Moles,true,,,
sitemap,https://got-moles.com/mole-control-woodinville/,https://got-moles.com/mole-control-woodinville,200,1,308 https://got-moles.com/mole-control-woodinville/ → 200 https://got-moles.com/mole-control-woodinville,https://got-moles.com/mole-control-woodinville/,false,Woodinville Mole Control | Proven Results | Got Moles,true,,,
sitemap,https://got-moles.com/mole-control-maple-valley/,https://got-moles.com/mole-control-maple-valley,200,1,308 https://got-moles.com/mole-control-maple-valley/ → 200 https://got-moles.com/mole-control-maple-valley,https://got-moles.com/mole-control-maple-valley/,false,Maple Valley Mole Control | Proven Results | Got Moles,true,,,
sitemap,https://got-moles.com/mole-control-covington/,https://got-moles.com/mole-control-covington,200,1,308 https://got-moles.com/mole-control-covington/ → 200 https://got-moles.com/mole-control-covington,https://got-moles.com/mole-control-covington/,false,Covington Mole Control | Proven Results | Got Moles,true,,,
sitemap,https://got-moles.com/mole-control-black-diamond/,https://got-moles.com/mole-control-black-diamond,200,1,308 https://got-moles.com/mole-control-black-diamond/ → 200 https://got-moles.com/mole-control-black-diamond,https://got-moles.com/mole-control-black-diamond/,false,Black Diamond Mole Control | Proven Results | Got Moles,true,,,
sitemap,https://got-moles.com/mole-control-buckley/,https://got-moles.com/mole-control-buckley,200,1,308 https://got-moles.com/mole-control-buckley/ → 200 https://got-moles.com/mole-control-buckley,https://got-moles.com/mole-control-buckley/,false,Buckley Mole Control | Proven Results | Got Moles,true,,,
sitemap,https://got-moles.com/mole-control-lakewood/,https://got-moles.com/mole-control-lakewood,200,1,308 https://got-moles.com/mole-control-lakewood/ → 200 https://got-moles.com/mole-control-lakewood,https://got-moles.com/mole-control-lakewood/,false,Lakewood Mole Control | Proven Results | Got Moles,true,,,
sitemap,https://got-moles.com/mole-control-bonney-lake/,https://got-moles.com/mole-control-bonney-lake,200,1,308 https://got-moles.com/mole-control-bonney-lake/ → 200 https://got-moles.com/mole-control-bonney-lake,https://got-moles.com/mole-control-bonney-lake/,false,Bonney Lake Mole Control | Proven Results | Got Moles,true,,,
sitemap,https://got-moles.com/mole-control-graham/,https://got-moles.com/mole-control-graham,200,1,308 https://got-moles.com/mole-control-graham/ → 200 https://got-moles.com/mole-control-graham,https://got-moles.com/mole-control-graham/,false,Graham Mole Control | Proven Results | Got Moles,true,,,
sitemap,https://got-moles.com/mole-control-spanaway/,https://got-moles.com/mole-control-spanaway,200,1,308 https://got-moles.com/mole-control-spanaway/ → 200 https://got-moles.com/mole-control-spanaway,https://got-moles.com/mole-control-spanaway/,false,Spanaway Mole Control | Proven Results | Got Moles,true,,,
sitemap,https://got-moles.com/mole-control-university-place/,https://got-moles.com/mole-control-university-place,200,1,308 https://got-moles.com/mole-control-university-place/ → 200 https://got-moles.com/mole-control-university-place,https://got-moles.com/mole-control-university-place/,false,University Place Mole Control | Proven Results | Got Moles,true,,,
sitemap,https://got-moles.com/mole-control-sumner/,https://got-moles.com/mole-control-sumner,200,1,308 https://got-moles.com/mole-control-sumner/ → 200 https://got-moles.com/mole-control-sumner,https://got-moles.com/mole-control-sumner/,false,Sumner Mole Control | Proven Results | Got Moles,true,,,
sitemap,https://got-moles.com/mole-control-orting/,https://got-moles.com/mole-control-orting,200,1,308 https://got-moles.com/mole-control-orting/ → 200 https://got-moles.com/mole-control-orting,https://got-moles.com/mole-control-orting/,false,Orting Mole Control | Proven Results | Got Moles,true,,,
sitemap,https://got-moles.com/mole-control-olympia/,https://got-moles.com/mole-control-olympia,200,1,308 https://got-moles.com/mole-control-olympia/ → 200 https://got-moles.com/mole-control-olympia,https://got-moles.com/mole-control-olympia/,false,Olympia Mole Control | Proven Results | Got Moles,true,,,
sitemap,https://got-moles.com/mole-control-lacey/,https://got-moles.com/mole-control-lacey,200,1,308 https://got-moles.com/mole-control-lacey/ → 200 https://got-moles.com/mole-control-lacey,https://got-moles.com/mole-control-lacey/,false,Lacey Mole Control | Proven Results | Got Moles,true,,,
sitemap,https://got-moles.com/mole-control-tumwater/,https://got-moles.com/mole-control-tumwater,200,1,308 https://got-moles.com/mole-control-tumwater/ → 200 https://got-moles.com/mole-control-tumwater,https://got-moles.com/mole-control-tumwater/,false,Tumwater Mole Control | Proven Results | Got Moles,true,,,
sitemap,https://got-moles.com/mole-control-yelm/,https://got-moles.com/mole-control-yelm,200,1,308 https://got-moles.com/mole-control-yelm/ → 200 https://got-moles.com/mole-control-yelm,https://got-moles.com/mole-control-yelm/,false,Yelm Mole Control | Proven Results | Got Moles,true,,,
sitemap,https://got-moles.com/mole-control-everett/,https://got-moles.com/mole-control-everett,200,1,308 https://got-moles.com/mole-control-everett/ → 200 https://got-moles.com/mole-control-everett,https://got-moles.com/mole-control-everett/,false,Everett Mole Control | Proven Results | Got Moles,true,,,
sitemap,https://got-moles.com/mole-control-marysville/,https://got-moles.com/mole-control-marysville,200,1,308 https://got-moles.com/mole-control-marysville/ → 200 https://got-moles.com/mole-control-marysville,https://got-moles.com/mole-control-marysville/,false,Marysville Mole Control | Proven Results | Got Moles,true,,,
sitemap,https://got-moles.com/mole-control-lake-stevens/,https://got-moles.com/mole-control-lake-stevens,200,1,308 https://got-moles.com/mole-control-lake-stevens/ → 200 https://got-moles.com/mole-control-lake-stevens,https://got-moles.com/mole-control-lake-stevens/,false,Lake Stevens Mole Control | Proven Results | Got Moles,true,,,
sitemap,https://got-moles.com/mole-control-snohomish/,https://got-moles.com/mole-control-snohomish,200,1,308 https://got-moles.com/mole-control-snohomish/ → 200 https://got-moles.com/mole-control-snohomish,https://got-moles.com/mole-control-snohomish/,false,Snohomish Mole Control | Proven Results | Got Moles,true,,,
sitemap,https://got-moles.com/mole-control-shoreline/,https://got-moles.com/mole-control-shoreline,200,1,308 https://got-moles.com/mole-control-shoreline/ → 200 https://got-moles.com/mole-control-shoreline,https://got-moles.com/mole-control-shoreline/,false,Shoreline Mole Control | Proven Results | Got Moles,true,,,
sitemap,https://got-moles.com/mole-control-burien/,https://got-moles.com/mole-control-burien,200,1,308 https://got-moles.com/mole-control-burien/ → 200 https://got-moles.com/mole-control-burien,https://got-moles.com/mole-control-burien/,false,Burien Mole Control | Proven Results | Got Moles,true,,,
sitemap,https://got-moles.com/mole-control-bothell/,https://got-moles.com/mole-control-bothell,200,1,308 https://got-moles.com/mole-control-bothell/ → 200 https://got-moles.com/mole-control-bothell,https://got-moles.com/mole-control-bothell/,false,Bothell Mole Control | Proven Results | Got Moles,true,,,
sitemap,https://got-moles.com/mole-control-seatac/,https://got-moles.com/mole-control-seatac,200,1,308 https://got-moles.com/mole-control-seatac/ → 200 https://got-moles.com/mole-control-seatac,https://got-moles.com/mole-control-seatac/,false,SeaTac Mole Control | Proven Results | Got Moles,true,,,
sitemap,https://got-moles.com/mole-control-des-moines/,https://got-moles.com/mole-control-des-moines,200,1,308 https://got-moles.com/mole-control-des-moines/ → 200 https://got-moles.com/mole-control-des-moines,https://got-moles.com/mole-control-des-moines/,false,Des Moines Mole Control | Proven Results | Got Moles,true,,,
sitemap,https://got-moles.com/mole-control-mercer-island/,https://got-moles.com/mole-control-mercer-island,200,1,308 https://got-moles.com/mole-control-mercer-island/ → 200 https://got-moles.com/mole-control-mercer-island,https://got-moles.com/mole-control-mercer-island/,false,Mercer Island Mole Control | Proven Results | Got Moles,true,,,
sitemap,https://got-moles.com/mole-control-kenmore/,https://got-moles.com/mole-control-kenmore,200,1,308 https://got-moles.com/mole-control-kenmore/ → 200 https://got-moles.com/mole-control-kenmore,https://got-moles.com/mole-control-kenmore/,false,Kenmore Mole Control | Proven Results | Got Moles,true,,,
sitemap,https://got-moles.com/mole-control-tukwila/,https://got-moles.com/mole-control-tukwila,200,1,308 https://got-moles.com/mole-control-tukwila/ → 200 https://got-moles.com/mole-control-tukwila,https://got-moles.com/mole-control-tukwila/,false,Tukwila Mole Control | Proven Results | Got Moles,true,,,
sitemap,https://got-moles.com/mole-control-edgewood/,https://got-moles.com/mole-control-edgewood,200,1,308 https://got-moles.com/mole-control-edgewood/ → 200 https://got-moles.com/mole-control-edgewood,https://got-moles.com/mole-control-edgewood/,false,Edgewood Mole Control | Proven Results | Got Moles,true,,,
sitemap,https://got-moles.com/mole-control-snoqualmie/,https://got-moles.com/mole-control-snoqualmie,200,1,308 https://got-moles.com/mole-control-snoqualmie/ → 200 https://got-moles.com/mole-control-snoqualmie,https://got-moles.com/mole-control-snoqualmie/,false,Snoqualmie Mole Control | Proven Results | Got Moles,true,,,
sitemap,https://got-moles.com/mole-control-lake-forest-park/,https://got-moles.com/mole-control-lake-forest-park,200,1,308 https://got-moles.com/mole-control-lake-forest-park/ → 200 https://got-moles.com/mole-control-lake-forest-park,https://got-moles.com/mole-control-lake-forest-park/,false,Lake Forest Park Mole Control | Proven Results | Got Moles,true,,,
sitemap,https://got-moles.com/mole-control-newcastle/,https://got-moles.com/mole-control-newcastle,200,1,308 https://got-moles.com/mole-control-newcastle/ → 200 https://got-moles.com/mole-control-newcastle,https://got-moles.com/mole-control-newcastle/,false,Newcastle Mole Control | Proven Results | Got Moles,true,,,
sitemap,https://got-moles.com/mole-control-duvall/,https://got-moles.com/mole-control-duvall,200,1,308 https://got-moles.com/mole-control-duvall/ → 200 https://got-moles.com/mole-control-duvall,https://got-moles.com/mole-control-duvall/,false,Duvall Mole Control | Proven Results | Got Moles,true,,,
sitemap,https://got-moles.com/mole-control-north-bend/,https://got-moles.com/mole-control-north-bend,200,1,308 https://got-moles.com/mole-control-north-bend/ → 200 https://got-moles.com/mole-control-north-bend,https://got-moles.com/mole-control-north-bend/,false,North Bend Mole Control | Proven Results | Got Moles,true,,,
sitemap,https://got-moles.com/mole-control-pacific/,https://got-moles.com/mole-control-pacific,200,1,308 https://got-moles.com/mole-control-pacific/ → 200 https://got-moles.com/mole-control-pacific,https://got-moles.com/mole-control-pacific/,false,Pacific Mole Control | Proven Results | Got Moles,true,,,
sitemap,https://got-moles.com/mole-control-normandy-park/,https://got-moles.com/mole-control-normandy-park,200,1,308 https://got-moles.com/mole-control-normandy-park/ → 200 https://got-moles.com/mole-control-normandy-park,https://got-moles.com/mole-control-normandy-park/,false,Normandy Park Mole Control | Proven Results | Got Moles,true,,,
sitemap,https://got-moles.com/mole-control-carnation/,https://got-moles.com/mole-control-carnation,200,1,308 https://got-moles.com/mole-control-carnation/ → 200 https://got-moles.com/mole-control-carnation,https://got-moles.com/mole-control-carnation/,false,Carnation Mole Control | Proven Results | Got Moles,true,,,
sitemap,https://got-moles.com/mole-control-south-hill/,https://got-moles.com/mole-control-south-hill,200,1,308 https://got-moles.com/mole-control-south-hill/ → 200 https://got-moles.com/mole-control-south-hill,https://got-moles.com/mole-control-south-hill/,false,South Hill Mole Control | Proven Results | Got Moles,true,,,
sitemap,https://got-moles.com/mole-control-parkland/,https://got-moles.com/mole-control-parkland,200,1,308 https://got-moles.com/mole-control-parkland/ → 200 https://got-moles.com/mole-control-parkland,https://got-moles.com/mole-control-parkland/,false,Parkland Mole Control | Proven Results | Got Moles,true,,,
sitemap,https://got-moles.com/mole-control-frederickson/,https://got-moles.com/mole-control-frederickson,200,1,308 https://got-moles.com/mole-control-frederickson/ → 200 https://got-moles.com/mole-control-frederickson,https://got-moles.com/mole-control-frederickson/,false,Frederickson Mole Control | Proven Results | Got Moles,true,,,
sitemap,https://got-moles.com/mole-control-gig-harbor/,https://got-moles.com/mole-control-gig-harbor,200,1,308 https://got-moles.com/mole-control-gig-harbor/ → 200 https://got-moles.com/mole-control-gig-harbor,https://got-moles.com/mole-control-gig-harbor/,false,Gig Harbor Mole Control | Proven Results | Got Moles,true,,,
sitemap,https://got-moles.com/mole-control-elk-plain/,https://got-moles.com/mole-control-elk-plain,200,1,308 https://got-moles.com/mole-control-elk-plain/ → 200 https://got-moles.com/mole-control-elk-plain,https://got-moles.com/mole-control-elk-plain/,false,Elk Plain Mole Control | Proven Results | Got Moles,true,,,
sitemap,https://got-moles.com/mole-control-dupont/,https://got-moles.com/mole-control-dupont,200,1,308 https://got-moles.com/mole-control-dupont/ → 200 https://got-moles.com/mole-control-dupont,https://got-moles.com/mole-control-dupont/,false,DuPont Mole Control | Proven Results | Got Moles,true,,,
sitemap,https://got-moles.com/mole-control-milton/,https://got-moles.com/mole-control-milton,200,1,308 https://got-moles.com/mole-control-milton/ → 200 https://got-moles.com/mole-control-milton,https://got-moles.com/mole-control-milton/,false,Milton Mole Control | Proven Results | Got Moles,true,,,
sitemap,https://got-moles.com/mole-control-fircrest/,https://got-moles.com/mole-control-fircrest,200,1,308 https://got-moles.com/mole-control-fircrest/ → 200 https://got-moles.com/mole-control-fircrest,https://got-moles.com/mole-control-fircrest/,false,Fircrest Mole Control | Proven Results | Got Moles,true,,,
sitemap,https://got-moles.com/mole-control-steilacoom/,https://got-moles.com/mole-control-steilacoom,200,1,308 https://got-moles.com/mole-control-steilacoom/ → 200 https://got-moles.com/mole-control-steilacoom,https://got-moles.com/mole-control-steilacoom/,false,Steilacoom Mole Control | Proven Results | Got Moles,true,,,
sitemap,https://got-moles.com/mole-control-lynnwood/,https://got-moles.com/mole-control-lynnwood,200,1,308 https://got-moles.com/mole-control-lynnwood/ → 200 https://got-moles.com/mole-control-lynnwood,https://got-moles.com/mole-control-lynnwood/,false,Lynnwood Mole Control | Proven Results | Got Moles,true,,,
sitemap,https://got-moles.com/mole-control-edmonds/,https://got-moles.com/mole-control-edmonds,200,1,308 https://got-moles.com/mole-control-edmonds/ → 200 https://got-moles.com/mole-control-edmonds,https://got-moles.com/mole-control-edmonds/,false,Edmonds Mole Control | Proven Results | Got Moles,true,,,
sitemap,https://got-moles.com/mole-control-mountlake-terrace/,https://got-moles.com/mole-control-mountlake-terrace,200,1,308 https://got-moles.com/mole-control-mountlake-terrace/ → 200 https://got-moles.com/mole-control-mountlake-terrace,https://got-moles.com/mole-control-mountlake-terrace/,false,Mountlake Terrace Mole Control | Proven Results | Got Moles,true,,,
sitemap,https://got-moles.com/mole-control-arlington/,https://got-moles.com/mole-control-arlington,200,1,308 https://got-moles.com/mole-control-arlington/ → 200 https://got-moles.com/mole-control-arlington,https://got-moles.com/mole-control-arlington/,false,Arlington Mole Control | Proven Results | Got Moles,true,,,
sitemap,https://got-moles.com/mole-control-mukilteo/,https://got-moles.com/mole-control-mukilteo,200,1,308 https://got-moles.com/mole-control-mukilteo/ → 200 https://got-moles.com/mole-control-mukilteo,https://got-moles.com/mole-control-mukilteo/,false,Mukilteo Mole Control | Proven Results | Got Moles,true,,,
sitemap,https://got-moles.com/mole-control-mill-creek/,https://got-moles.com/mole-control-mill-creek,200,1,308 https://got-moles.com/mole-control-mill-creek/ → 200 https://got-moles.com/mole-control-mill-creek,https://got-moles.com/mole-control-mill-creek/,false,Mill Creek Mole Control | Proven Results | Got Moles,true,,,
sitemap,https://got-moles.com/mole-control-monroe/,https://got-moles.com/mole-control-monroe,200,1,308 https://got-moles.com/mole-control-monroe/ → 200 https://got-moles.com/mole-control-monroe,https://got-moles.com/mole-control-monroe/,false,Monroe Mole Control | Proven Results | Got Moles,true,,,
sitemap,https://got-moles.com/mole-control-stanwood/,https://got-moles.com/mole-control-stanwood,200,1,308 https://got-moles.com/mole-control-stanwood/ → 200 https://got-moles.com/mole-control-stanwood,https://got-moles.com/mole-control-stanwood/,false,Stanwood Mole Control | Proven Results | Got Moles,true,,,
sitemap,https://got-moles.com/mole-control-sultan/,https://got-moles.com/mole-control-sultan,200,1,308 https://got-moles.com/mole-control-sultan/ → 200 https://got-moles.com/mole-control-sultan,https://got-moles.com/mole-control-sultan/,false,Sultan Mole Control | Proven Results | Got Moles,true,,,
sitemap,https://got-moles.com/mole-control-brier/,https://got-moles.com/mole-control-brier,200,1,308 https://got-moles.com/mole-control-brier/ → 200 https://got-moles.com/mole-control-brier,https://got-moles.com/mole-control-brier/,false,Brier Mole Control | Proven Results | Got Moles,true,,,
sitemap,https://got-moles.com/mole-control-granite-falls/,https://got-moles.com/mole-control-granite-falls,200,1,308 https://got-moles.com/mole-control-granite-falls/ → 200 https://got-moles.com/mole-control-granite-falls,https://got-moles.com/mole-control-granite-falls/,false,Granite Falls Mole Control | Proven Results | Got Moles,true,,,
sitemap,https://got-moles.com/mole-control-rainier/,https://got-moles.com/mole-control-rainier,200,1,308 https://got-moles.com/mole-control-rainier/ → 200 https://got-moles.com/mole-control-rainier,https://got-moles.com/mole-control-rainier/,false,Rainier Mole Control | Proven Results | Got Moles,true,,,
sitemap,https://got-moles.com/mole-control-tenino/,https://got-moles.com/mole-control-tenino,200,1,308 https://got-moles.com/mole-control-tenino/ → 200 https://got-moles.com/mole-control-tenino,https://got-moles.com/mole-control-tenino/,false,Tenino Mole Control | Proven Results | Got Moles,true,,,
sitemap,https://got-moles.com/mole-control-bremerton/,https://got-moles.com/mole-control-bremerton,200,1,308 https://got-moles.com/mole-control-bremerton/ → 200 https://got-moles.com/mole-control-bremerton,https://got-moles.com/mole-control-bremerton/,false,Bremerton Mole Control | Proven Results | Got Moles,true,,,
sitemap,https://got-moles.com/mole-control-bainbridge-island/,https://got-moles.com/mole-control-bainbridge-island,200,1,308 https://got-moles.com/mole-control-bainbridge-island/ → 200 https://got-moles.com/mole-control-bainbridge-island,https://got-moles.com/mole-control-bainbridge-island/,false,Bainbridge Island Mole Control | Proven Results | Got Moles,true,,,
sitemap,https://got-moles.com/mole-control-silverdale/,https://got-moles.com/mole-control-silverdale,200,1,308 https://got-moles.com/mole-control-silverdale/ → 200 https://got-moles.com/mole-control-silverdale,https://got-moles.com/mole-control-silverdale/,false,Silverdale Mole Control | Proven Results | Got Moles,true,,,
sitemap,https://got-moles.com/mole-control-port-orchard/,https://got-moles.com/mole-control-port-orchard,200,1,308 https://got-moles.com/mole-control-port-orchard/ → 200 https://got-moles.com/mole-control-port-orchard,https://got-moles.com/mole-control-port-orchard/,false,Port Orchard Mole Control | Proven Results | Got Moles,true,,,
sitemap,https://got-moles.com/mole-control-poulsbo/,https://got-moles.com/mole-control-poulsbo,200,1,308 https://got-moles.com/mole-control-poulsbo/ → 200 https://got-moles.com/mole-control-poulsbo,https://got-moles.com/mole-control-poulsbo/,false,Poulsbo Mole Control | Proven Results | Got Moles,true,,,
sitemap,https://got-moles.com/mole-control-algona/,https://got-moles.com/mole-control-algona,200,1,308 https://got-moles.com/mole-control-algona/ → 200 https://got-moles.com/mole-control-algona,https://got-moles.com/mole-control-algona/,false,Algona Mole Control | Proven Results | Got Moles,true,,,
sitemap,https://got-moles.com/mole-control-clyde-hill/,https://got-moles.com/mole-control-clyde-hill,200,1,308 https://got-moles.com/mole-control-clyde-hill/ → 200 https://got-moles.com/mole-control-clyde-hill,https://got-moles.com/mole-control-clyde-hill/,false,Clyde Hill Mole Control | Proven Results | Got Moles,true,,,
sitemap,https://got-moles.com/mole-control-fairwood/,https://got-moles.com/mole-control-fairwood,200,1,308 https://got-moles.com/mole-control-fairwood/ → 200 https://got-moles.com/mole-control-fairwood,https://got-moles.com/mole-control-fairwood/,false,Fairwood Mole Control | Proven Results | Got Moles,true,,,
sitemap,https://got-moles.com/mole-control-green-river/,https://got-moles.com/mole-control-green-river,200,1,308 https://got-moles.com/mole-control-green-river/ → 200 https://got-moles.com/mole-control-green-river,https://got-moles.com/mole-control-green-river/,false,Green River Mole Control | Proven Results | Got Moles,true,,,
sitemap,https://got-moles.com/mole-control-lake-city/,https://got-moles.com/mole-control-lake-city,200,1,308 https://got-moles.com/mole-control-lake-city/ → 200 https://got-moles.com/mole-control-lake-city,https://got-moles.com/mole-control-lake-city/,false,Lake City Mole Control | Proven Results | Got Moles,true,,,
sitemap,https://got-moles.com/mole-control-medina/,https://got-moles.com/mole-control-medina,200,1,308 https://got-moles.com/mole-control-medina/ → 200 https://got-moles.com/mole-control-medina,https://got-moles.com/mole-control-medina/,false,Medina Mole Control | Proven Results | Got Moles,true,,,
sitemap,https://got-moles.com/mole-control-ravensdale/,https://got-moles.com/mole-control-ravensdale,200,1,308 https://got-moles.com/mole-control-ravensdale/ → 200 https://got-moles.com/mole-control-ravensdale,https://got-moles.com/mole-control-ravensdale/,false,Ravensdale Mole Control | Proven Results | Got Moles,true,,,
sitemap,https://got-moles.com/mole-control-white-center/,https://got-moles.com/mole-control-white-center,200,1,308 https://got-moles.com/mole-control-white-center/ → 200 https://got-moles.com/mole-control-white-center,https://got-moles.com/mole-control-white-center/,false,White Center Mole Control | Proven Results | Got Moles,true,,,
sitemap,https://got-moles.com/mole-control-fairfax/,https://got-moles.com/mole-control-fairfax,200,1,308 https://got-moles.com/mole-control-fairfax/ → 200 https://got-moles.com/mole-control-fairfax,https://got-moles.com/mole-control-fairfax/,false,Fairfax Mole Control | Proven Results | Got Moles,true,,,
sitemap,https://got-moles.com/mole-control-fife/,https://got-moles.com/mole-control-fife,200,1,308 https://got-moles.com/mole-control-fife/ → 200 https://got-moles.com/mole-control-fife,https://got-moles.com/mole-control-fife/,false,Fife Mole Control | Proven Results | Got Moles,true,,,
sitemap,https://got-moles.com/mole-control-lake-tapps/,https://got-moles.com/mole-control-lake-tapps,200,1,308 https://got-moles.com/mole-control-lake-tapps/ → 200 https://got-moles.com/mole-control-lake-tapps,https://got-moles.com/mole-control-lake-tapps/,false,Lake Tapps Mole Control | Proven Results | Got Moles,true,,,
sitemap,https://got-moles.com/mole-control-prairie-ridge/,https://got-moles.com/mole-control-prairie-ridge,200,1,308 https://got-moles.com/mole-control-prairie-ridge/ → 200 https://got-moles.com/mole-control-prairie-ridge,https://got-moles.com/mole-control-prairie-ridge/,false,Prairie Ridge Mole Control | Proven Results | Got Moles,true,,,
sitemap,https://got-moles.com/mole-control-roy/,https://got-moles.com/mole-control-roy,200,1,308 https://got-moles.com/mole-control-roy/ → 200 https://got-moles.com/mole-control-roy,https://got-moles.com/mole-control-roy/,false,Roy Mole Control | Proven Results | Got Moles,true,,,
sitemap,https://got-moles.com/mole-control-centralia/,https://got-moles.com/mole-control-centralia,200,1,308 https://got-moles.com/mole-control-centralia/ → 200 https://got-moles.com/mole-control-centralia,https://got-moles.com/mole-control-centralia/,false,Centralia Mole Control | Proven Results | Got Moles,true,,,
sitemap,https://got-moles.com/mole-control-eatonville/,https://got-moles.com/mole-control-eatonville,200,1,308 https://got-moles.com/mole-control-eatonville/ → 200 https://got-moles.com/mole-control-eatonville,https://got-moles.com/mole-control-eatonville/,false,Eatonville Mole Control | Proven Results | Got Moles,true,,,
sitemap,https://got-moles.com/blog/how-to-choose-a-mole-control-company/,https://got-moles.com/blog/how-to-choose-a-mole-control-company,200,1,308 https://got-moles.com/blog/how-to-choose-a-mole-control-company/ → 200 https://got-moles.com/blog/how-to-choose-a-mole-control-company,https://got-moles.com/blog/how-to-choose-a-mole-control-company/,false,How to Choose a Mole Control Company: 7 Things to Ask | Mole Control Blog | Got Moles,true,,,
sitemap,https://got-moles.com/blog/diy-vs-professional-mole-control/,https://got-moles.com/blog/diy-vs-professional-mole-control,200,1,308 https://got-moles.com/blog/diy-vs-professional-mole-control/ → 200 https://got-moles.com/blog/diy-vs-professional-mole-control,https://got-moles.com/blog/diy-vs-professional-mole-control/,false,DIY Mole Traps vs Professional Mole Control: The Honest Cost-Benefit Analysis | Mole Control Blog | Got Moles,true,,,
sitemap,https://got-moles.com/blog/mole-removal-cost-washington/,https://got-moles.com/blog/mole-removal-cost-washington,200,1,308 https://got-moles.com/blog/mole-removal-cost-washington/ → 200 https://got-moles.com/blog/mole-removal-cost-washington,https://got-moles.com/blog/mole-removal-cost-washington/,false,How Much Does Mole Removal Cost in Washington State? Complete 2026 Pricing Guide | Mole Control Blog | Got Moles,true,,,
sitemap,https://got-moles.com/blog/mole-control-safe-for-pets/,https://got-moles.com/blog/mole-control-safe-for-pets,200,1,308 https://got-moles.com/blog/mole-control-safe-for-pets/ → 200 https://got-moles.com/blog/mole-control-safe-for-pets,https://got-moles.com/blog/mole-control-safe-for-pets/,false,Is Mole Control Safe for Pets? A Complete Guide for Washington Dog and Cat Owners | Mole Control Blog | Got Moles,true,,,
sitemap,https://got-moles.com/blog/monthly-vs-one-time-mole-control/,https://got-moles.com/blog/monthly-vs-one-time-mole-control,200,1,308 https://got-moles.com/blog/monthly-vs-one-time-mole-control/ → 200 https://got-moles.com/blog/monthly-vs-one-time-mole-control,https://got-moles.com/blog/monthly-vs-one-time-mole-control/,false,Monthly Mole Control vs One-Time Removal: Which Is Right for Your Washington Yard? | Mole Control Blog | Got Moles,true,,,
sitemap,https://got-moles.com/do-moles-hibernate/,https://got-moles.com/do-moles-hibernate,200,1,308 https://got-moles.com/do-moles-hibernate/ → 200 https://got-moles.com/do-moles-hibernate,https://got-moles.com/do-moles-hibernate/,false,When Are Moles Most Active in Washington State? | Got Moles Blog | Got Moles,true,,,
sitemap,https://got-moles.com/blog/why-moles-keep-coming-back/,https://got-moles.com/blog/why-moles-keep-coming-back,200,1,308 https://got-moles.com/blog/why-moles-keep-coming-back/ → 200 https://got-moles.com/blog/why-moles-keep-coming-back,https://got-moles.com/blog/why-moles-keep-coming-back/,false,Why Do Moles Keep Coming Back After Treatment? The Biology of Reinvasion | Mole Control Blog | Got Moles,true,,,
sitemap,https://got-moles.com/blog/are-moles-blind/,https://got-moles.com/blog/are-moles-blind,200,1,308 https://got-moles.com/blog/are-moles-blind/ → 200 https://got-moles.com/blog/are-moles-blind,https://got-moles.com/blog/are-moles-blind/,false,Are Moles Blind? What Moles Can Actually See and Sense | Mole Control Blog | Got Moles,true,,,
sitemap,https://got-moles.com/blog/best-mole-traps/,https://got-moles.com/blog/best-mole-traps,200,1,308 https://got-moles.com/blog/best-mole-traps/ → 200 https://got-moles.com/blog/best-mole-traps,https://got-moles.com/blog/best-mole-traps/,false,Best Mole Traps in 2026: What Actually Works (Expert Review) | Mole Control Blog | Got Moles,true,,,
sitemap,https://got-moles.com/blog/do-mole-repellents-work/,https://got-moles.com/blog/do-mole-repellents-work,200,1,308 https://got-moles.com/blog/do-mole-repellents-work/ → 200 https://got-moles.com/blog/do-mole-repellents-work,https://got-moles.com/blog/do-mole-repellents-work/,false,Do Mole Repellents Work? Every Major Method Reviewed Against the Science | Mole Control Blog | Got Moles,true,,,
sitemap,https://got-moles.com/blog/are-moles-good-for-your-yard/,https://got-moles.com/blog/are-moles-good-for-your-yard,200,1,308 https://got-moles.com/blog/are-moles-good-for-your-yard/ → 200 https://got-moles.com/blog/are-moles-good-for-your-yard,https://got-moles.com/blog/are-moles-good-for-your-yard/,false,Are Moles Good for Your Yard? The Honest Washington Homeowner Answer | Mole Control Blog | Got Moles,true,,,
sitemap,https://got-moles.com/blog/how-to-find-active-mole-tunnels/,https://got-moles.com/blog/how-to-find-active-mole-tunnels,200,1,308 https://got-moles.com/blog/how-to-find-active-mole-tunnels/ → 200 https://got-moles.com/blog/how-to-find-active-mole-tunnels,https://got-moles.com/blog/how-to-find-active-mole-tunnels/,false,How to Find Active Mole Tunnels: The Step-by-Step Method Washington Pros Use | Mole Control Blog | Got Moles,true,,,
sitemap,https://got-moles.com/blog/humane-mole-removal/,https://got-moles.com/blog/humane-mole-removal,200,1,308 https://got-moles.com/blog/humane-mole-removal/ → 200 https://got-moles.com/blog/humane-mole-removal,https://got-moles.com/blog/humane-mole-removal/,false,How to Get Rid of Moles Without Killing Them: The Honest Washington Guide | Mole Control Blog | Got Moles,true,,,
sitemap,https://got-moles.com/blog/how-long-do-moles-live/,https://got-moles.com/blog/how-long-do-moles-live,200,1,308 https://got-moles.com/blog/how-long-do-moles-live/ → 200 https://got-moles.com/blog/how-long-do-moles-live,https://got-moles.com/blog/how-long-do-moles-live/,false,"How Long Do Moles Live? Lifespan, Breeding, and What It Means for Washington Yards | Mole Control Blog | Got Moles",true,,,
sitemap,https://got-moles.com/blog/does-grub-control-stop-moles/,https://got-moles.com/blog/does-grub-control-stop-moles,200,1,308 https://got-moles.com/blog/does-grub-control-stop-moles/ → 200 https://got-moles.com/blog/does-grub-control-stop-moles,https://got-moles.com/blog/does-grub-control-stop-moles/,false,Does Grub Control Actually Get Rid of Moles? The Truth | Mole Control Blog | Got Moles,true,,,
sitemap,https://got-moles.com/how-to-get-rid-of-moles-in-your-yard/,https://got-moles.com/how-to-get-rid-of-moles-in-your-yard,200,1,308 https://got-moles.com/how-to-get-rid-of-moles-in-your-yard/ → 200 https://got-moles.com/how-to-get-rid-of-moles-in-your-yard,https://got-moles.com/how-to-get-rid-of-moles-in-your-yard/,false,How to Get Rid of Moles in Your Yard: The Complete Guide | Got Moles Blog | Got Moles,true,,,
sitemap,https://got-moles.com/voles-vs-moles-whats-the-difference/,https://got-moles.com/voles-vs-moles-whats-the-difference,200,1,308 https://got-moles.com/voles-vs-moles-whats-the-difference/ → 200 https://got-moles.com/voles-vs-moles-whats-the-difference,https://got-moles.com/voles-vs-moles-whats-the-difference/,false,Mole vs Vole vs Gopher: How to Tell What's Destroying Your Lawn | Got Moles Blog | Got Moles,true,,,
sitemap,https://got-moles.com/what-do-moles-eat/,https://got-moles.com/what-do-moles-eat,200,1,308 https://got-moles.com/what-do-moles-eat/ → 200 https://got-moles.com/what-do-moles-eat,https://got-moles.com/what-do-moles-eat/,false,What Do Moles Eat? (And Why It Matters for Your Yard) | Got Moles Blog | Got Moles,true,,,
sitemap,https://got-moles.com/blog/types-of-moles-in-washington/,https://got-moles.com/blog/types-of-moles-in-washington,200,1,308 https://got-moles.com/blog/types-of-moles-in-washington/ → 200 https://got-moles.com/blog/types-of-moles-in-washington,https://got-moles.com/blog/types-of-moles-in-washington/,false,The 3 Mole Species in Washington State: A Homeowner's Identification Guide | Mole Control Blog | Got Moles,true,,,
sitemap,https://got-moles.com/how-many-eyes-do-moles-have/,https://got-moles.com/how-many-eyes-do-moles-have,200,1,308 https://got-moles.com/how-many-eyes-do-moles-have/ → 200 https://got-moles.com/how-many-eyes-do-moles-have,https://got-moles.com/how-many-eyes-do-moles-have/,false,How Many Eyes Do Moles Have? | Got Moles Blog | Got Moles,true,,,
sitemap,https://got-moles.com/do-moles-bite/,https://got-moles.com/do-moles-bite,200,1,308 https://got-moles.com/do-moles-bite/ → 200 https://got-moles.com/do-moles-bite,https://got-moles.com/do-moles-bite/,false,Do Moles Bite? | Got Moles Blog | Got Moles,true,,,
sitemap,https://got-moles.com/do-moles-carry-diseases/,https://got-moles.com/do-moles-carry-diseases,200,1,308 https://got-moles.com/do-moles-carry-diseases/ → 200 https://got-moles.com/do-moles-carry-diseases,https://got-moles.com/do-moles-carry-diseases/,false,Do Moles Carry Diseases? | Got Moles Blog | Got Moles,true,,,
sitemap,https://got-moles.com/are-moles-nocturnal/,https://got-moles.com/are-moles-nocturnal,200,1,308 https://got-moles.com/are-moles-nocturnal/ → 200 https://got-moles.com/are-moles-nocturnal,https://got-moles.com/are-moles-nocturnal/,false,Are Moles Nocturnal? | Got Moles Blog | Got Moles,true,,,
sitemap,https://got-moles.com/how-to-get-rid-of-ground-moles-with-vinegar/,https://got-moles.com/how-to-get-rid-of-ground-moles-with-vinegar,200,1,308 https://got-moles.com/how-to-get-rid-of-ground-moles-with-vinegar/ → 200 https://got-moles.com/how-to-get-rid-of-ground-moles-with-vinegar,https://got-moles.com/how-to-get-rid-of-ground-moles-with-vinegar/,false,How to Get Rid of Ground Moles with Vinegar | Got Moles Blog | Got Moles,true,,,
sitemap,https://got-moles.com/what-do-mole-holes-look-like/,https://got-moles.com/what-do-mole-holes-look-like,200,1,308 https://got-moles.com/what-do-mole-holes-look-like/ → 200 https://got-moles.com/what-do-mole-holes-look-like,https://got-moles.com/what-do-mole-holes-look-like/,false,What Do Mole Holes Look Like? | Got Moles Blog | Got Moles,true,,,
sitemap,https://got-moles.com/is-a-mole-a-rodent/,https://got-moles.com/is-a-mole-a-rodent,200,1,308 https://got-moles.com/is-a-mole-a-rodent/ → 200 https://got-moles.com/is-a-mole-a-rodent,https://got-moles.com/is-a-mole-a-rodent/,false,Is a Mole a Rodent? | Got Moles Blog | Got Moles,true,,,
sitemap,https://got-moles.com/can-moles-swim/,https://got-moles.com/can-moles-swim,200,1,308 https://got-moles.com/can-moles-swim/ → 200 https://got-moles.com/can-moles-swim,https://got-moles.com/can-moles-swim/,false,Can Moles Swim? | Got Moles Blog | Got Moles,true,,,
sitemap,https://got-moles.com/how-deep-do-moles-dig/,https://got-moles.com/how-deep-do-moles-dig,200,1,308 https://got-moles.com/how-deep-do-moles-dig/ → 200 https://got-moles.com/how-deep-do-moles-dig,https://got-moles.com/how-deep-do-moles-dig/,false,How Deep Do Moles Dig? | Got Moles Blog | Got Moles,true,,,
sitemap,https://got-moles.com/why-do-moles-make-molehills/,https://got-moles.com/why-do-moles-make-molehills,200,1,308 https://got-moles.com/why-do-moles-make-molehills/ → 200 https://got-moles.com/why-do-moles-make-molehills,https://got-moles.com/why-do-moles-make-molehills/,false,Why Do Moles Make Molehills? | Got Moles Blog | Got Moles,true,,,
sitemap,https://got-moles.com/what-attracts-moles-to-your-yard/,https://got-moles.com/what-attracts-moles-to-your-yard,200,1,308 https://got-moles.com/what-attracts-moles-to-your-yard/ → 200 https://got-moles.com/what-attracts-moles-to-your-yard,https://got-moles.com/what-attracts-moles-to-your-yard/,false,What Attracts Moles to Your Yard? | Got Moles Blog | Got Moles,true,,,
sitemap,https://got-moles.com/what-eats-moles/,https://got-moles.com/what-eats-moles,200,1,308 https://got-moles.com/what-eats-moles/ → 200 https://got-moles.com/what-eats-moles,https://got-moles.com/what-eats-moles/,false,What Eats Moles? | Got Moles Blog | Got Moles,true,,,
sitemap,https://got-moles.com/how-many-babies-do-moles-have/,https://got-moles.com/how-many-babies-do-moles-have,200,1,308 https://got-moles.com/how-many-babies-do-moles-have/ → 200 https://got-moles.com/how-many-babies-do-moles-have,https://got-moles.com/how-many-babies-do-moles-have/,false,How Many Babies Do Moles Have? | Got Moles Blog | Got Moles,true,,,
sitemap,https://got-moles.com/do-moles-live-in-groups/,https://got-moles.com/do-moles-live-in-groups,200,1,308 https://got-moles.com/do-moles-live-in-groups/ → 200 https://got-moles.com/do-moles-live-in-groups,https://got-moles.com/do-moles-live-in-groups/,false,Do Moles Live in Groups? | Got Moles Blog | Got Moles,true,,,
sitemap,https://got-moles.com/are-moles-poisonous-or-venomous/,https://got-moles.com/are-moles-poisonous-or-venomous,200,1,308 https://got-moles.com/are-moles-poisonous-or-venomous/ → 200 https://got-moles.com/are-moles-poisonous-or-venomous,https://got-moles.com/are-moles-poisonous-or-venomous/,false,Are Moles Poisonous or Venomous? | Got Moles Blog | Got Moles,true,,,
sitemap,https://got-moles.com/what-species-of-moles-live-in-washington-state/,https://got-moles.com/blog/types-of-moles-in-washington,200,2,308 https://got-moles.com/what-species-of-moles-live-in-washington-state/ → 308 https://got-moles.com/what-species-of-moles-live-in-washington-state → 200 https://got-moles.com/blog/types-of-moles-in-washington,https://got-moles.com/blog/types-of-moles-in-washington/,false,The 3 Mole Species in Washington State: A Homeowner's Identification Guide | Mole Control Blog | Got Moles,true,,,
historical,https://got-moles.com/about-us/,https://got-moles.com/about,200,2,308 https://got-moles.com/about-us/ → 308 https://got-moles.com/about-us → 200 https://got-moles.com/about,https://got-moles.com/about/,false,"Spencer Hill, Veteran-Founded Mole Specialist | Got Moles",true,,,
historical,https://got-moles.com/our-services/,https://got-moles.com/services/total-mole-control-program,200,2,308 https://got-moles.com/our-services/ → 308 https://got-moles.com/our-services → 200 https://got-moles.com/services/total-mole-control-program,https://got-moles.com/services/total-mole-control-program/,false,Total Mole Control Program | $100/Month Year-Round Protection | Got Moles,true,,,
historical,https://got-moles.com/contact/,https://got-moles.com/contact,200,1,308 https://got-moles.com/contact/ → 200 https://got-moles.com/contact,https://got-moles.com/contact/,false,Contact Got Moles | Get a Free Quote | Got Moles,true,,,
historical,https://got-moles.com/blog/,https://got-moles.com/blog,200,1,308 https://got-moles.com/blog/ → 200 https://got-moles.com/blog,https://got-moles.com/blog,true,Mole Control Blog | Western Washington | Got Moles,true,,,
historical,https://got-moles.com/city/seattle/,https://got-moles.com/mole-control-seattle,200,2,308 https://got-moles.com/city/seattle/ → 308 https://got-moles.com/city/seattle → 200 https://got-moles.com/mole-control-seattle,https://got-moles.com/mole-control-seattle/,false,Seattle Mole Control | Proven Results | Got Moles,true,,,
historical,https://got-moles.com/city/tacoma/,https://got-moles.com/mole-control-tacoma,200,2,308 https://got-moles.com/city/tacoma/ → 308 https://got-moles.com/city/tacoma → 200 https://got-moles.com/mole-control-tacoma,https://got-moles.com/mole-control-tacoma/,false,Tacoma Mole Control | Proven Results | Got Moles,true,,,
historical,https://got-moles.com/city/bellevue/,https://got-moles.com/mole-control-bellevue,200,2,308 https://got-moles.com/city/bellevue/ → 308 https://got-moles.com/city/bellevue → 200 https://got-moles.com/mole-control-bellevue,https://got-moles.com/mole-control-bellevue/,false,Bellevue Mole Control | Proven Results | Got Moles,true,,,
historical,https://got-moles.com/mole-trapping-seattle/,https://got-moles.com/mole-control-seattle,200,2,308 https://got-moles.com/mole-trapping-seattle/ → 308 https://got-moles.com/mole-trapping-seattle → 200 https://got-moles.com/mole-control-seattle,https://got-moles.com/mole-control-seattle/,false,Seattle Mole Control | Proven Results | Got Moles,true,,,
historical,https://got-moles.com/mole-exterminator-tacoma/,https://got-moles.com/mole-control-tacoma,200,2,308 https://got-moles.com/mole-exterminator-tacoma/ → 308 https://got-moles.com/mole-exterminator-tacoma → 200 https://got-moles.com/mole-control-tacoma,https://got-moles.com/mole-control-tacoma/,false,Tacoma Mole Control | Proven Results | Got Moles,true,,,
historical,https://got-moles.com/mole-removal-bellevue/,https://got-moles.com/mole-control-bellevue,200,2,308 https://got-moles.com/mole-removal-bellevue/ → 308 https://got-moles.com/mole-removal-bellevue → 200 https://got-moles.com/mole-control-bellevue,https://got-moles.com/mole-control-bellevue/,false,Bellevue Mole Control | Proven Results | Got Moles,true,,,
historical,https://got-moles.com/mole-catcher-renton/,https://got-moles.com/mole-control-renton,200,2,308 https://got-moles.com/mole-catcher-renton/ → 308 https://got-moles.com/mole-catcher-renton → 200 https://got-moles.com/mole-control-renton,https://got-moles.com/mole-control-renton/,false,Renton Mole Control | Proven Results | Got Moles,true,,,
historical,https://got-moles.com/seattle-mole-control/,https://got-moles.com/mole-control-seattle,200,2,308 https://got-moles.com/seattle-mole-control/ → 308 https://got-moles.com/seattle-mole-control → 200 https://got-moles.com/mole-control-seattle,https://got-moles.com/mole-control-seattle/,false,Seattle Mole Control | Proven Results | Got Moles,true,,,
historical,https://got-moles.com/tacoma-mole-trapping/,https://got-moles.com/mole-control-tacoma,200,2,308 https://got-moles.com/tacoma-mole-trapping/ → 308 https://got-moles.com/tacoma-mole-trapping → 200 https://got-moles.com/mole-control-tacoma,https://got-moles.com/mole-control-tacoma/,false,Tacoma Mole Control | Proven Results | Got Moles,true,,,
historical,https://got-moles.com/mole-control-southhill/,https://got-moles.com/mole-control-south-hill,200,2,308 https://got-moles.com/mole-control-southhill/ → 308 https://got-moles.com/mole-control-southhill → 200 https://got-moles.com/mole-control-south-hill,https://got-moles.com/mole-control-south-hill/,false,South Hill Mole Control | Proven Results | Got Moles,true,,,
historical,https://got-moles.com/mole-repellent-seattle/,https://got-moles.com/mole-control-seattle,200,2,308 https://got-moles.com/mole-repellent-seattle/ → 308 https://got-moles.com/mole-repellent-seattle → 200 https://got-moles.com/mole-control-seattle,https://got-moles.com/mole-control-seattle/,false,Seattle Mole Control | Proven Results | Got Moles,true,,,
historical,https://got-moles.com/author/spencer/,https://got-moles.com/author/spencer,200,1,308 https://got-moles.com/author/spencer/ → 200 https://got-moles.com/author/spencer,https://got-moles.com/author/spencer/,false,"Spencer Hill — Founder, Got Moles | US Army Veteran, 15+ Years Mole Control | Got Moles",true,,,
historical,https://got-moles.com/pest-control/,https://got-moles.com/services/total-mole-control-program,200,2,308 https://got-moles.com/pest-control/ → 308 https://got-moles.com/pest-control → 200 https://got-moles.com/services/total-mole-control-program,https://got-moles.com/services/total-mole-control-program/,false,Total Mole Control Program | $100/Month Year-Round Protection | Got Moles,true,,,
historical,https://got-moles.com/mole-control-2/,https://got-moles.com/services/total-mole-control-program,200,2,308 https://got-moles.com/mole-control-2/ → 308 https://got-moles.com/mole-control-2 → 200 https://got-moles.com/services/total-mole-control-program,https://got-moles.com/services/total-mole-control-program/,false,Total Mole Control Program | $100/Month Year-Round Protection | Got Moles,true,,,
historical,https://got-moles.com/service/total-mole-control/,https://got-moles.com/services/total-mole-control-program,200,2,308 https://got-moles.com/service/total-mole-control/ → 308 https://got-moles.com/service/total-mole-control → 200 https://got-moles.com/services/total-mole-control-program,https://got-moles.com/services/total-mole-control-program/,false,Total Mole Control Program | $100/Month Year-Round Protection | Got Moles,true,,,
historical,https://got-moles.com/about-us,https://got-moles.com/about,200,1,308 https://got-moles.com/about-us → 200 https://got-moles.com/about,https://got-moles.com/about/,false,"Spencer Hill, Veteran-Founded Mole Specialist | Got Moles",true,,,
historical,https://got-moles.com/city/seattle,https://got-moles.com/mole-control-seattle,200,1,308 https://got-moles.com/city/seattle → 200 https://got-moles.com/mole-control-seattle,https://got-moles.com/mole-control-seattle/,false,Seattle Mole Control | Proven Results | Got Moles,true,,,
historical,https://got-moles.com/mole-trapping-seattle,https://got-moles.com/mole-control-seattle,200,1,308 https://got-moles.com/mole-trapping-seattle → 200 https://got-moles.com/mole-control-seattle,https://got-moles.com/mole-control-seattle/,false,Seattle Mole Control | Proven Results | Got Moles,true,,,